{
  "alpha": -2.6615675288822986,
  "annualized_return_cagr": -0.9316150353269728,
  "annualized_volatility": 0.4250353073007509,
  "average_drawdown": -0.11477802758600779,
  "average_holding_period": 1.2328767123287672,
  "beta": 0.017371806379343175,
  "calmar_ratio": -3.829991399180996,
  "cvar_95": -0.011951360437605116,
  "downside_deviation": 0.337384025847186,
  "expectancy_per_period": -0.00029583184255494013,
  "hit_rate": 0.4486111111111111,
  "information_ratio": -10.636224898416726,
  "max_drawdown": -0.2432420698193184,
  "max_drawdown_duration": 628.0,
  "payoff_ratio": 0.9772550425525023,
  "profit_factor": 0.7950966719003986,
  "return_kurtosis": 21.935005924667934,
  "return_skewness": -1.6647978020998149,
  "sharpe_ratio": -6.0971098077449,
  "sortino_ratio": -7.681119265424434,
  "total_return": -0.1978726231450968,
  "tracking_error": 0.6229318810730637,
  "turnover": 0.3079350402524309,
  "var_95": -0.006235674023628235,
  "win_rate": 0.4486111111111111
}