{
  "episode_reward": 0.09371504187583923,
  "episode_portfolio_valuation": 10982.467469906102,
  "episode_position_changes": 122.0,
  "episode_position_change_ratio": 0.61,
  "episode_sum_position": -19.355211853981018,
  "episode_exploration_ratio": 0.2,
  "actor_loss": 0.09197486937046051,
  "value_loss": 2.3385913664242253e-05,
  "actor_param_abs_sum": 554.0429943203926,
  "critic_param_abs_sum": 434.67099526524544,
  "critic_qvalue_params_max_diff": 0.3025246560573578,
  "avg_position_changes": 113.06,
  "temp_eval_reward": -0.2245808243751526,
  "eval_total_return": -0.1978726231450968,
  "eval_annualized_return_cagr": -0.9316150353269728,
  "eval_annualized_volatility": 0.4250353073007509,
  "eval_sharpe_ratio": -6.0971098077449,
  "eval_sortino_ratio": -7.681119265424434,
  "eval_calmar_ratio": -3.829991399180996,
  "eval_max_drawdown": -0.2432420698193184,
  "eval_average_drawdown": -0.11477802758600779,
  "eval_max_drawdown_duration": 628.0,
  "eval_var_95": -0.006235674023628235,
  "eval_cvar_95": -0.011951360437605116,
  "eval_downside_deviation": 0.337384025847186,
  "eval_return_skewness": -1.6647978020998149,
  "eval_return_kurtosis": 21.935005924667934,
  "eval_win_rate": 0.4486111111111111,
  "eval_hit_rate": 0.4486111111111111,
  "eval_profit_factor": 0.7950966719003986,
  "eval_payoff_ratio": 0.9772550425525023,
  "eval_expectancy_per_period": -0.00029583184255494013,
  "eval_turnover": 0.3079350402524309,
  "eval_average_holding_period": 1.2328767123287672,
  "eval_beta": 0.017371806379343175,
  "eval_alpha": -2.6615675288822986,
  "eval_information_ratio": -10.636224898416726,
  "eval_tracking_error": 0.6229318810730637,
  "final_reward": -0.22048768401145935,
  "training_steps": 59361.0,
  "avg_actor_loss": 0.10345200877964025,
  "episode_avg_reward": 0.00707913406192825,
  "episode_avg_position_change": 133.06493178372915,
  "total_position_changes": 1580013.0,
  "episode_avg_position_change_ratio": 0.6653246589186458
}